nmID,vendorCode
251598270,камера_подводная_рыбалка_5000_30м
418395621,салфетка_электробрашинг
394125519,электробрашинг_wt_163_черный
251597935,свет_3200_портативный_мини_rgb_прямоугольный
189188867,свет_портативный_мини_rgb_прямоугольный
238123509,картриджи_btwoon_2шт
185362603,авто_чехол_подогрев_черный
237717769,фильтр_btwoon
386408860,москитные_100_210_липучка_стекло_серый_премиум_плюс
386409951,москитные_100_210_липучка_стекло_черный_премиум_плюс
386417577,москитные_90_210_липучка_стекло_черный_премиум_плюс
386417578,москитные_90_210_липучка_стекло_серый_премиум_плюс
443811120,new_москитные_90_210_липучка_стекло_серый_премиум_плюс
443811121,new_москитные_90_210_липучка_стекло_черный_премиум_плюс
256447260,монопод_105_свет_2_пульт_1
208422017,фильтр_biruite_2к
157889486,эспандер_150_35_фиолетовый
160729550,эспандер_150_35_розовый
160729551,эспандер_150_35_синий
221340308,эспандер_200_45_фиолетовый
302456415,эспандер_150_35_серый
365800842,эспандер_150_35_красный
151234819,ткань250*105белый
202426846,фильтр_biruite_2
351166805,москитные_100_210_липучка_серый_премиум
351168043,москитные_100_210_липучка_коричн_премиум
351168962,москитные_90_210_липучка_серый_премиум
394510900,подставка_ноутбук_черная
418836271,салфетка_камера_подводная
237718148,фильтр_btwoon_2к
169827160,москитные_100_210_черный
215177672,москитные_90_210_белый
215177673,москитные_90_210_бежевый
155372706,москитные_100_210_бежевый
169827159,москитные_100_210_белый
221575536,москитные_100_210_черный_new
185364203,контейнер_для_мусора_кнопка_2л_белый
206555823,лампа_rgb_закат_пульт
215177084,москитные_90_210_черный
215177671,москитные_90_210_коричневый
221575740,москитные_90_210_белый_new
155372707,москитные_100_210_коричневый
418834977,салфетка_москитные_сетки
443159189,салфетка_москитные_сетки_2
443159190,салфетка_москитные_сетки_3
302456007,эспандер_200_55_фиолетовый
154776204,пэт_1000_6
208464605,картриджи_biruite_2шт
153879822,пэт_500_9
203577359,фильтр_biruite
165219963,пэт_500_12
174492463,пэт_250_12
179701994,пэт_500_12_белый
185361591,настенные_крючки_серый_7
495654581,эспандер_5шт_фиолетовые
495665144,эспандер_5шт_бежевые
497980595,эспандер_ленточный_3шт
153877189,пэт_500_6
387737737,подставка_ноутбук_серая
418837204,салфетка_подставка_для_ноутбука
172678917,пэт_250_6
535351691,эспандер_1
535351692,эспандер_2
535351693,эспандер_3
535351695,эспандер_4
535351696,эспандер_5
535351698,эспандер_6
535351699,эспандер_7
535351700,эспандер_8
535351701,эспандер_9
535351702,эспандер_10
535351704,эспандер_11
535351705,эспандер_12
535351706,эспандер_13
535351708,эспандер_14
535351709,эспандер_15
535351710,эспандер_16
535351711,эспандер_17
535351712,эспандер_18
535351714,эспандер_19
535351717,эспандер_20
157890384,совки_садовые_1_голубой
160731869,совки_садовые_1_розовый
160731870,совки_садовые_1_зеленый
